Workbook
Name SegmentaciónDeDatos_Country1: #N/A

Sheet DASHBOARD 2
C6: ='Tablas Dinamicas'!I10 -> Ingresos Total | E6: ='Tablas Dinamicas'!K10 -> Clientes
C7: =GETPIVOTDATA("[Measures].[Ingresos Total]",'Tablas Dinamicas'!$I$10) -> 24914567 | E7: =GETPIVOTDATA("[Measures].[Clientes]",'Tablas Dinamicas'!$K$10) -> 17416
C11: Margen de Utilidad | E11: Órdenes
C12: =GETPIVOTDATA("[Measures].[% Utilidad]",'Tablas Dinamicas'!$I$13) -> 0.41973761 | E12: =GETPIVOTDATA("[Measures].[Cantidad de Ordenes]",'Tablas Dinamicas'!$K$13) -> 25164
G24: Segmento | H24: Clientes | I24: Frecuencia | J24: Ingresos | K24: % Utilidad | L24: Utilidad | N24: Segmento | O24: Accessories | P24: Bikes | Q24: Clothing
G25: ='Tablas Dinamicas'!A3 -> Bronce | H25: =GETPIVOTDATA("[Measures].[Clientes]",'Tablas Dinamicas'!$A$2,"[AdventureWorks_Customer].[Segmento_Cliente]","[AdventureWorks_Customer].[Segmento_Cliente].&[Bronce]") -> 6071 | I25: =GETPIVOTDATA("[Measures].[Ordenes por cliente]",'Tablas Dinamicas'!$A$2,"[AdventureWorks_Customer].[Segmento_Cliente]","[AdventureWorks_Customer].[Segmento_Cliente].&[Bronce]") -> 1.0645693 | J25: =GETPIVOTDATA("[Measures].[Ingresos Total]",'Tablas Dinamicas'!$A$2,"[AdventureWorks_Customer].[Segmento_Cliente]","[AdventureWorks_Customer].[Segmento_Cliente].&[Bronce]") -> 323388.94 | K25: =GETPIVOTDATA("[Measures].[% Utilidad]",'Tablas Dinamicas'!$A$2,"[AdventureWorks_Customer].[Segmento_Cliente]","[AdventureWorks_Customer].[Segmento_Cliente].&[Bronce]") -> 0.59369498 | L25: =GETPIVOTDATA("[Measures].[Utilidad]",'Tablas Dinamicas'!$A$2,"[AdventureWorks_Customer].[Segmento_Cliente]","[AdventureWorks_Customer].[Segmento_Cliente].&[Bronce]") -> 191994.39 | N25: ='Tablas Dinamicas'!I4 -> Bronce | O25: =GETPIVOTDATA("[Measures].[Ingresos Total]",'Tablas Dinamicas'!$I$2,"[AdventureWorks_Customer].[Segmento_Cliente]","[AdventureWorks_Customer].[Segmento_Cliente].&[Bronce]","[AdventureWorks_Product_Categories].[CategoryName]","[AdventureWorks_Product_Categories].[CategoryName].&[Accessories]") -> 0.76977163 | P25: =GETPIVOTDATA("[Measures].[Ingresos Total]",'Tablas Dinamicas'!$I$2,"[AdventureWorks_Customer].[Segmento_Cliente]","[AdventureWorks_Customer].[Segmento_Cliente].&[Bronce]","[AdventureWorks_Product_Categories].[CategoryName]","[AdventureWorks_Product_Categories].[CategoryName].&[Bikes]") -> 0 | Q25: =GETPIVOTDATA("[Measures].[Ingresos Total]",'Tablas Dinamicas'!$I$2,"[AdventureWorks_Customer].[Segmento_Cliente]","[AdventureWorks_Customer].[Segmento_Cliente].&[Bronce]","[AdventureWorks_Product_Categories].[CategoryName]","[AdventureWorks_Product_Categories].[CategoryName].&[Clothing]") -> 0.23022837
G26: ='Tablas Dinamicas'!A4 -> Plata | H26: =GETPIVOTDATA("[Measures].[Clientes]",'Tablas Dinamicas'!$A$2,"[AdventureWorks_Customer].[Segmento_Cliente]","[AdventureWorks_Customer].[Segmento_Cliente].&[Plata]") -> 2516 | I26: =GETPIVOTDATA("[Measures].[Ordenes por cliente]",'Tablas Dinamicas'!$A$2,"[AdventureWorks_Customer].[Segmento_Cliente]","[AdventureWorks_Customer].[Segmento_Cliente].&[Plata]") -> 1.6414944 | J26: =GETPIVOTDATA("[Measures].[Ingresos Total]",'Tablas Dinamicas'!$A$2,"[AdventureWorks_Customer].[Segmento_Cliente]","[AdventureWorks_Customer].[Segmento_Cliente].&[Plata]") -> 395345.98 | K26: =GETPIVOTDATA("[Measures].[% Utilidad]",'Tablas Dinamicas'!$A$2,"[AdventureWorks_Customer].[Segmento_Cliente]","[AdventureWorks_Customer].[Segmento_Cliente].&[Plata]") -> 0.57658591 | L26: =GETPIVOTDATA("[Measures].[Utilidad]",'Tablas Dinamicas'!$A$2,"[AdventureWorks_Customer].[Segmento_Cliente]","[AdventureWorks_Customer].[Segmento_Cliente].&[Plata]") -> 227950.92 | N26: ='Tablas Dinamicas'!I5 -> Plata | O26: =GETPIVOTDATA("[Measures].[Ingresos Total]",'Tablas Dinamicas'!$I$2,"[AdventureWorks_Customer].[Segmento_Cliente]","[AdventureWorks_Customer].[Segmento_Cliente].&[Plata]","[AdventureWorks_Product_Categories].[CategoryName]","[AdventureWorks_Product_Categories].[CategoryName].&[Accessories]") -> 0.68777226 | P26: =GETPIVOTDATA("[Measures].[Ingresos Total]",'Tablas Dinamicas'!$I$2,"[AdventureWorks_Customer].[Segmento_Cliente]","[AdventureWorks_Customer].[Segmento_Cliente].&[Plata]","[AdventureWorks_Product_Categories].[CategoryName]","[AdventureWorks_Product_Categories].[CategoryName].&[Bikes]") -> 0 | Q26: =GETPIVOTDATA("[Measures].[Ingresos Total]",'Tablas Dinamicas'!$I$2,"[AdventureWorks_Customer].[Segmento_Cliente]","[AdventureWorks_Customer].[Segmento_Cliente].&[Plata]","[AdventureWorks_Product_Categories].[CategoryName]","[AdventureWorks_Product_Categories].[CategoryName].&[Clothing]") -> 0.31222774
G27: ='Tablas Dinamicas'!A5 -> Oro | H27: =GETPIVOTDATA("[Measures].[Clientes]",'Tablas Dinamicas'!$A$2,"[AdventureWorks_Customer].[Segmento_Cliente]","[AdventureWorks_Customer].[Segmento_Cliente].&[Oro]") -> 3458 | I27: =GETPIVOTDATA("[Measures].[Ordenes por cliente]",'Tablas Dinamicas'!$A$2,"[AdventureWorks_Customer].[Segmento_Cliente]","[AdventureWorks_Customer].[Segmento_Cliente].&[Oro]") -> 1.3215732 | J27: =GETPIVOTDATA("[Measures].[Ingresos Total]",'Tablas Dinamicas'!$A$2,"[AdventureWorks_Customer].[Segmento_Cliente]","[AdventureWorks_Customer].[Segmento_Cliente].&[Oro]") -> 3613768.3 | K27: =GETPIVOTDATA("[Measures].[% Utilidad]",'Tablas Dinamicas'!$A$2,"[AdventureWorks_Customer].[Segmento_Cliente]","[AdventureWorks_Customer].[Segmento_Cliente].&[Oro]") -> 0.3981224 | L27: =GETPIVOTDATA("[Measures].[Utilidad]",'Tablas Dinamicas'!$A$2,"[AdventureWorks_Customer].[Segmento_Cliente]","[AdventureWorks_Customer].[Segmento_Cliente].&[Oro]") -> 1438722.1 | N27: ='Tablas Dinamicas'!I6 -> Oro | O27: =GETPIVOTDATA("[Measures].[Ingresos Total]",'Tablas Dinamicas'!$I$2,"[AdventureWorks_Customer].[Segmento_Cliente]","[AdventureWorks_Customer].[Segmento_Cliente].&[Oro]","[AdventureWorks_Product_Categories].[CategoryName]","[AdventureWorks_Product_Categories].[CategoryName].&[Accessories]") -> 0.03822863 | P27: =GETPIVOTDATA("[Measures].[Ingresos Total]",'Tablas Dinamicas'!$I$2,"[AdventureWorks_Customer].[Segmento_Cliente]","[AdventureWorks_Customer].[Segmento_Cliente].&[Oro]","[AdventureWorks_Product_Categories].[CategoryName]","[AdventureWorks_Product_Categories].[CategoryName].&[Bikes]") -> 0.93936117 | Q27: =GETPIVOTDATA("[Measures].[Ingresos Total]",'Tablas Dinamicas'!$I$2,"[AdventureWorks_Customer].[Segmento_Cliente]","[AdventureWorks_Customer].[Segmento_Cliente].&[Oro]","[AdventureWorks_Product_Categories].[CategoryName]","[AdventureWorks_Product_Categories].[CategoryName].&[Clothing]") -> 0.0224102
G28: ='Tablas Dinamicas'!A6 -> Diamante | H28: =GETPIVOTDATA("[Measures].[Clientes]",'Tablas Dinamicas'!$A$2,"[AdventureWorks_Customer].[Segmento_Cliente]","[AdventureWorks_Customer].[Segmento_Cliente].&[Diamante]") -> 5371 | I28: =GETPIVOTDATA("[Measures].[Ordenes por cliente]",'Tablas Dinamicas'!$A$2,"[AdventureWorks_Customer].[Segmento_Cliente]","[AdventureWorks_Customer].[Segmento_Cliente].&[Diamante]") -> 1.8620369 | J28: =GETPIVOTDATA("[Measures].[Ingresos Total]",'Tablas Dinamicas'!$A$2,"[AdventureWorks_Customer].[Segmento_Cliente]","[AdventureWorks_Customer].[Segmento_Cliente].&[Diamante]") -> 20582064 | K28: =GETPIVOTDATA("[Measures].[% Utilidad]",'Tablas Dinamicas'!$A$2,"[AdventureWorks_Customer].[Segmento_Cliente]","[AdventureWorks_Customer].[Segmento_Cliente].&[Diamante]") -> 0.41778674 | L28: =GETPIVOTDATA("[Measures].[Utilidad]",'Tablas Dinamicas'!$A$2,"[AdventureWorks_Customer].[Segmento_Cliente]","[AdventureWorks_Customer].[Segmento_Cliente].&[Diamante]") -> 8598913.4 | N28: ='Tablas Dinamicas'!I7 -> Diamante | O28: =GETPIVOTDATA("[Measures].[Ingresos Total]",'Tablas Dinamicas'!$I$2,"[AdventureWorks_Customer].[Segmento_Cliente]","[AdventureWorks_Customer].[Segmento_Cliente].&[Diamante]","[AdventureWorks_Product_Categories].[CategoryName]","[AdventureWorks_Product_Categories].[CategoryName].&[Accessories]") -> 0.012032979 | P28: =GETPIVOTDATA("[Measures].[Ingresos Total]",'Tablas Dinamicas'!$I$2,"[AdventureWorks_Customer].[Segmento_Cliente]","[AdventureWorks_Customer].[Segmento_Cliente].&[Diamante]","[AdventureWorks_Product_Categories].[CategoryName]","[AdventureWorks_Product_Categories].[CategoryName].&[Bikes]") -> 0.98376268 | Q28: =GETPIVOTDATA("[Measures].[Ingresos Total]",'Tablas Dinamicas'!$I$2,"[AdventureWorks_Customer].[Segmento_Cliente]","[AdventureWorks_Customer].[Segmento_Cliente].&[Diamante]","[AdventureWorks_Product_Categories].[CategoryName]","[AdventureWorks_Product_Categories].[CategoryName].&[Clothing]") -> 0.0042043393

Sheet Tablas Dinamicas
A2: Etiquetas de fila | B2: Clientes | C2: Frecuencia | D2: Ingresos Totales | E2: % Utilidad | F2: Utilidad | I2: Ingresos Total | J2: Etiquetas de columna
A3: Bronce | B3: 6071 | C3: 1.0645693 | D3: 323388.94 | E3: 0.59369498 | F3: 191994.39 | I3: Etiquetas de fila | J3: Accessories | K3: Bikes | L3: Clothing
A4: Plata | B4: 2516 | C4: 1.6414944 | D4: 395345.98 | E4: 0.57658591 | F4: 227950.92 | I4: Bronce | J4: 0.76977163 | K4: 0 | L4: 0.23022837
A5: Oro | B5: 3458 | C5: 1.3215732 | D5: 3613768.3 | E5: 0.3981224 | F5: 1438722.1 | I5: Plata | J5: 0.68777226 | K5: 0 | L5: 0.31222774
A6: Diamante | B6: 5371 | C6: 1.8620369 | D6: 20582064 | E6: 0.41778674 | F6: 8598913.4 | I6: Oro | J6: 0.03822863 | K6: 0.93936117 | L6: 0.0224102
I7: Diamante | J7: 0.012032979 | K7: 0.98376268 | L7: 0.0042043393
I10: Ingresos Total | K10: Clientes
A11: Etiquetas de fila | B11: Ordenes por cliente | C11: Ingreso por Cliente | E11: Etiquetas de fila | F11: % Utilidad | G11: Ingresos Total | I11: 24914567 | K11: 17416
A12: Bronce | B12: 1.0645693 | C12: 53.267821 | E12: 2015 | F12: 0.40618774 | G12: 6404934
A13: Plata | B13: 1.6414944 | C13: 157.13274 | E13: Tri1 | F13: 0.40153162 | G13: 1760975.1 | I13: % Utilidad | K13: Cantidad de Ordenes
A14: Oro | B14: 1.3215732 | C14: 1045.0458 | E14: Tri2 | F14: 0.40318018 | G14: 1982678.7 | I14: 0.41973761 | K14: 25164
A15: Diamante | B15: 1.8620369 | C15: 3832.073 | E15: Tri3 | F15: 0.40651365 | G15: 1366630.6
E16: Tri4 | F16: 0.41678282 | G16: 1294649.5
E17: 2016 | F17: 0.42545477 | G17: 9324195.4
E18: Tri1 | F18: 0.42196429 | G18: 1378550.8
E19: Tri2 | F19: 0.42575849 | G19: 1574317.8
A20: Etiquetas de fila | B20: % Ingreso por Categoria | C20: %Clientes por Categoria | E20: Tri3 | F20: 0.42813544 | G20: 2572289.4
A21: Bronce | B21: 0.012979914 | C21: 0.34858751 | E21: Tri4 | F21: 0.42478045 | G21: 3799037.4
A22: Plata | B22: 0.015868065 | C22: 0.14446486 | E22: 2017 | F22: 0.4233823 | G22: 9185437.9
A23: Oro | B23: 0.1450464 | C23: 0.19855305 | E23: Tri1 | F23: 0.42411243 | G23: 4062210.5
A24: Diamante | B24: 0.82610562 | C24: 0.30839458 | E24: Tri2 | F24: 0.42280338 | G24: 5123227.4
E25: Total general | F25: 0.41973761 | G25: 24914567
